,'ghtg_crazy'
,'TowerBattl'
,'cryptoscam'
,'abcdefghij'
,'vsemprivet'
,'Vsem_Prive'
,'kOmfOrtIkI'
,'LokoMarina'
,'1234567890'
,'0NoskiMoi0'
,'crackedboo'
,'CodeMaster'
,'HelloWorld'
,'funny_game'
,'skyHigh202'
,'alphaOmega'
,'RoboKnight'
,'DragonSlay'
,'SuperHero+'
,'crazy_logi'
,'TowerFall1'
,'StealthNin'
,'CyberPunk_'
,'SpaceInvad'
,'NeonDreame'
,'VoidWalker'
,'LaserKnigh'
,'NochDvoem '
,'vsEmPRIVET'
,'zdravstvui'
,'NochDvoyem'
,'nochkadvoy'
,'segodnya!!'
,'zdravtiLyu'
,'!RobloxBAN'
,'scri!pters'
,'cryptissas'
,'cryptcscam'
,'1231231231'
,'Sooooooooo'
,'Rak1NaDiva'
,'Encryption'
,'ShreksOuse'
,'FRIENDSHIP'
,'I_HATE_YOU'
,'I_LOVE_YOU'
,'8937273625'
,'creATE_MAC'
,'ok,'
,'skies'
,'zdorova!'
,'zdrasti'
,'zdraste'
,'privetikvs'
,'zdrast'
,'zdravst'
,'zaebal'
,'ZavaliEbal'
,'Adventure'
,'Basketball'
,'Curriculum'
,'Democracy'
,'Diligently'
,'Electronic'
,'Expansions'
,'Friendship'
,'Generation'
,'Geography'
,'Historical'
,'Innovation'
,'Journalism'
,'Leadership'
,'Literature'
,'Navigation'
,'Optimistic'
,'Perception'
,'Publishing'
,'Revolution'
,'Reflection'
,'Sensations'
,'Speculator'
,'Superhuman'
,'Television'
,'Terminolog'
,'Translatio'
,'Vegetarian'
,'Volleyball'
,'Watermelon'
,'-=+_!@#$%^'
,'&*()|><❤️✨'
,'∀∁∂∃∄∅∆∇∈∉'
,'∊∋∎∑∓∔√∛∜∞'
,'√∛∜∞∫∬∭∮∯∰'
,'∰∱∲∳∴∵∸∾∿'
,'happy_day'
,'zvezdochka'
,'ljubov_pri'
,'naxodka!'
,'zdraste'
,'privetik'
,'super_bob'
,'ne_vernus!'
,'красава123'
,'привет❤️'
,'жизнь_боль'
,'счастливчи'
,'учёба_хард'
,'давай_пого'
,'огонь!!!'
,'не_сдамся'
,'полный_фа'
,'звезды_на_'
,'влюблённый'
,'научная_с'